id,expected
0,0.48436397275341414
1,0.4178208066751058
2,0.5245391744232575
3,0.67043838356839
4,0.7603736656104368
5,0.3901619725829226
6,0.3351472061102181
7,0.31604844231977747
8,0.7161997958494328
9,0.5289558968680739
10,0.6522089217015297
11,0.3379351335882521
12,0.30814990569650824
13,0.43828671925644835
14,0.47318051473036493
15,0.8228997786465461
16,0.5370295141040864
17,0.4955826679831148
18,0.2953550801599911
19,0.492913726109913
